<?xml version="1.0" encoding="UTF-8"?>
<project-private xmlns="http://www.netbeans.org/ns/project-private/1">
    <editor-bookmarks xmlns="http://www.netbeans.org/ns/editor-bookmarks/2" lastBookmarkId="0"/>
    <open-files xmlns="http://www.netbeans.org/ns/projectui-open-files/2">
        <group>
            <file>file:/C:/Users/654723/OneDrive%20-%20Peel%20District%20School%20Board/Documents/NetBeansProjects/EmployeeManagmentSystem/src/EMS/AddNewEmployeeJFrame.java</file>
            <file>file:/C:/Users/654723/OneDrive%20-%20Peel%20District%20School%20Board/Documents/NetBeansProjects/EmployeeManagmentSystem/src/EMS/AmongusJFrame.java</file>
            <file>file:/C:/Users/654723/OneDrive%20-%20Peel%20District%20School%20Board/Documents/NetBeansProjects/EmployeeManagmentSystem/src/EMS/EditDeleteEmployeeJFrame.java</file>
        </group>
    </open-files>
</project-private>
